{
    "spec":   "fir_interpolate_hb.json",
    "parameters":{
      "TT_DATA": "cint16",
      "TT_COEF": "int16",
      "TP_FIR_LEN": 15,
      "TP_SHIFT": 4,
      "TP_RND": 2,
      "TP_INPUT_WINDOW_VSIZE": 384,
      "TP_CASC_LEN": 1,
      "TP_DUAL_IP": 1,
      "TP_USE_COEF_RELOAD" : 0,
      "TP_NUM_OUTPUTS" : 1,
      "TP_API": 1,
      "TP_UPSHIFT_CT": 1,
      "TP_SSR": 1,
      "TP_PARA_INTERP_POLY": 1,
      "coeff": [1,0,3,0,5,0,7,8]
    },
    "outdir" : "./fir_interpolate_hb_generated_graph"
  }