{
    "spec":   "fir_decimate_sym.json",
    "parameters":{
      "TT_DATA": "cint16",
      "TT_COEF": "int16",
      "TP_FIR_LEN": 15,
      "TP_DECIMATE_FACTOR": 3,
      "TP_SHIFT": 4,
      "TP_RND": 2,
      "TP_INPUT_WINDOW_VSIZE": 384,
      "TP_CASC_LEN": 1,
      "TP_USE_COEF_RELOAD" : 0,
      "TP_NUM_OUTPUTS" : 1,
      "TP_API": 1,
      "TP_DUAL_IP": 0,
      "TP_SSR": 1,
      "coeff": [1,2,3,4,5,6,7,8,9,10,11,12,13,14,15]
    },
    "outdir" : "./fir_decimate_sym_generated_graph"
  }