{
    "spec":   "matrix_mult.json",
    "parameters":{
      "TT_DATA_A" : "cint16",
      "TT_DATA_B" : "cint16",
      "TP_DIM_A" : 16,
      "TP_DIM_AB" : 16,
      "TP_DIM_B" : 16,
      "TP_SHIFT" : 16,
      "TP_RND" : 0,
      "TP_DIM_A_LEADING" : 0,
      "TP_DIM_B_LEADING" : 1,
      "TP_DIM_OUT_LEADING" : 0,
      "TP_ADD_TILING_A" : 1,
      "TP_ADD_TILING_B" : 1,
      "TP_ADD_DETILING_OUT" : 1,
      "TP_INPUT_WINDOW_VSIZE_A" : 256,
      "TP_INPUT_WINDOW_VSIZE_B" : 256,
      "TP_CASC_LEN" : 2
    },
    "outdir" : "./matrix_mult_generated_graph"
  }