{
  "schema": "vitis_library_api_spec_schema-1.0",
  "api_name": "xf::dsp::aie::fft::dit_1ch::fft_ifft_dit_1ch_graph",
  "display_name": "fft_ifft_dit_1ch_graph",
  "header_file_name": "fft_ifft_dit_1ch_graph.hpp",
  "search_paths": [
    "L1/include/aie",
    "L1/src/aie",
	"L1/tests/aie/inc",
    "L1/tests/aie/src",
	"L2/include/aie",
	"L2/tests/aie/common/inc"
  ],
  "parameters": [
    {
      "name": "TT_DATA",
      "description": "The type of individual data samples input to and output of the filter function",
      "type": "typename",
      "enum": [
        "cint16",
        "cint32",
        "cfloat"
      ]
    },
    {
      "name": "TT_TWIDDLE",
      "description": "The type of twiddle factors of the transform",
      "type": "typename",
      "enum": [
        "cint16",
        "cfloat"
      ],
      "validator": {
        "file": "fft_ifft_dit_1ch.py",
        "function": "validate_TT_TWIDDLE",
        "args": ["TT_DATA"]
      }
    },
    {
      "name": "TP_POINT_SIZE",
      "description": "The number of samples in the transform.",
      "type": "uint",
      "minimum": 16,
      "maximum": 65536,
      "validator": {
        "file": "fft_ifft_dit_1ch.py",
        "function": "validate_TP_POINT_SIZE",
        "args": ["TP_DYN_PT_SIZE", "TT_DATA", "TP_PARALLEL_POWER", "TP_API"]
      }
    },
    {
      "name": "TP_FFT_NIFFT",
      "description": "Selects whether the transform to perform is an FFT (1) or IFFT (0)",
      "type": "uint",
      "maximum": 1,
      "minimum": 0
    },
    {
      "name": "TP_SHIFT",
      "description": "The power of 2 shift down applied to the accumulation of FIR before output",
      "type": "uint",
      "maximum": 60,
      "minimum": 0,
      "validator": {
        "file": "fft_ifft_dit_1ch.py",
        "function": "validate_TP_SHIFT",
        "args": ["TT_DATA"]
      }
    },
    {
      "name": "TP_CASC_LEN",
      "description": "The length of the cascade chain.",
      "type": "uint",
      "minimum": 1,
      "maximum": 9,
      "validator": {
        "file" : "fft_ifft_dit_1ch.py",
        "function" : "validate_TP_CASC_LEN",
        "args": ["TT_DATA", "TP_POINT_SIZE"]
      }
    },
    {
      "name": "TP_DYN_PT_SIZE",
      "description": "Determines if point size can change at run-time",
      "type": "uint",
      "maximum": 1,
      "minimum": 0
    },
    {
      "name": "TP_WINDOW_VSIZE",
      "description": "The number of samples to be processed in each call of the function.",
      "type": "uint",
      "minimum": 16,
      "validator": {
        "file" : "fft_ifft_dit_1ch.py",
        "function" : "validate_TP_WINDOW_VSIZE",
        "args": ["TP_POINT_SIZE", "TP_DYN_PT_SIZE"]
      }
    },
    {
      "name": "TP_API",
      "description": "The form of IO: 0 for windows, 1 for streams",
      "type": "uint",
      "minimum": 0,
      "maximum": 1
    },
    {
      "name": "TP_PARALLEL_POWER",
      "description": "The power of 2 describing the number of subframes to divide the FFT over.",
      "minimum": 0,
      "maximum": 9,
      "type": "uint",
      "validator": {
        "file" : "fft_ifft_dit_1ch.py",
        "function" : "validate_TP_PARALLEL_POWER",
        "args": ["TP_API"]
      }
    }
  ],
  "ports": {
    "file": "fft_ifft_dit_1ch.py",
    "function": "info_ports"
  },
  "generator": {
    "file": "fft_ifft_dit_1ch.py",
    "function": "generate_graph"
  }
}
