{
  "schema": "vitis_library_api_spec_schema-1.0",
  "api_name": "xf::dsp::aie::fft::windowfn::fft_window_graph",
  "display_name": "fft_window_graph",
  "header_file_name": "fft_window_graph.hpp",
  "search_paths": [
    "L1/include/aie",
    "L1/src/aie",
	"L1/tests/aie/inc",
    "L1/tests/aie/src",
	"L2/include/aie",
	"L2/tests/aie/common/inc"
  ],
  "parameters": [
    {
      "name": "TT_DATA",
      "description": "The type of individual data samples input to and output of the function",
      "type": "typename",
      "enum": [
        "cint16",
        "cint32",
        "cfloat"
      ]
    },
    {
      "name": "TT_COEFF",
      "description": "The type of individual coefficients of the window",
      "type": "typename",
      "enum": [
        "int16",
        "int32",
        "float"
      ],
      "validator": {
        "file": "fft_window.py",
        "function": "validate_TT_COEFF",
        "args": ["TT_DATA"]
      },
      "updater": {
        "file": "fft_window.py",
        "function": "update_TT_COEFF",
        "args": ["TT_DATA"]
      }
    },
    {
      "name": "TP_POINT_SIZE",
      "description": "The number of coefficients in the FFT Window",
      "type": "uint",
      "minimum": 16,
      "maximum": 65536,
      "validator": {
        "file": "fft_window.py",
        "function": "validate_TP_POINT_SIZE",
        "args": ["TT_DATA"]
      }
    },
    {
      "name": "TP_WINDOW_VSIZE",
      "description": "The number of samples per call to the kernel",
      "type": "uint",
      "minimum": 16,
      "maximum": 65536,
      "validator": {
        "file": "fft_window.py",
        "function": "validate_TP_WINDOW_VSIZE",
        "args": ["TP_POINT_SIZE"]
      },
      "updater": {
        "file": "fft_window.py",
        "function": "update_TP_WINDOW_VSIZE",
        "args": ["TP_POINT_SIZE"]
      }
    },
    {
      "name": "TP_SHIFT",
      "description": "The power of 2 shift down applied the product of sample and coefficient",
      "type": "uint",
      "maximum": 60,
      "minimum": 0,
      "validator": {
        "file": "fft_window.py",
        "function": "validate_TP_SHIFT",
        "args": ["TT_DATA"]
      },
      "updater": {
        "file": "fft_window.py",
        "function": "update_TP_SHIFT",
        "args": ["TT_DATA"]
      }
    },
    {
      "name": "TP_API",
      "description": "The interface selection (windows/streams) of the function.",
      "type": "uint",
      "maximum": 1,
      "minimum": 0
    },
    {
      "name": "TP_SSR",
      "description": "The number of kernels to be used in parallel to perform the function.",
      "type": "uint",
      "minimum": 1,
      "maximum": 32,
      "validator": {
        "file": "fft_window.py",
        "function": "validate_TP_SSR",
        "args": ["TT_DATA", "TP_POINT_SIZE", "TP_API"]
      },
      "updater": {
        "file": "fft_window.py",
        "function": "update_TP_SSR",
        "args": ["TP_POINT_SIZE"]
      }
    },
    {
      "name": "TP_DYN_PT_SIZE",
      "description": "The selection of static point size or dynamic point size operation.",
      "type": "uint",
      "minimum": 0,
      "maximum": 1,
      "validator": {
        "file": "fft_window.py",
        "function": "validate_TP_DYN_PT_SIZE",
        "args": ["TP_POINT_SIZE", "TP_SSR"]
      },
      "updater": {
        "file": "fft_window.py",
        "function": "update_TP_DYN_PT_SIZE",
        "args": ["TP_POINT_SIZE", "TP_SSR"]
      }
    },
    {
      "name": "weights",
      "description": "The window coefficients.",
      "element_type": "TT_COEFF",
      "type": "vector",
      "validator": {
        "file": "fft_window.py",
        "function": "validate_weights",
        "args": ["TP_POINT_SIZE","TP_DYN_PT_SIZE"]
      }
    }
  ],
  "ports": {
    "file": "fft_window.py",
    "function": "info_ports"
  },
  "generator": {
    "file": "fft_window.py",
    "function": "generate_graph"
  }
}
