{
  "schema": "aieip_spec_schema-0.1",
  "ip_name": "vmc_dyn_pt_fft",
  "block_info": {
    "label": "FFT Dynamic Point",
    "description": ""
  },
  "parameters": [
    {
      "name": "data_type",
      "label": "Input/Output data type",
      "description": "The type of individual data samples input to and output of the fft function",
      "enum": [ "cint16", "cint32", "cfloat" ],
      "default": "cint16",
      "type": "typename"
    },
    {
      "name": "point_size",
      "label": "Point Size",
      "description": "The number of samples in the transform",
      "default": 64,
      "maximum": 4096,
      "minimum": 16,
      "type": "int",
      "validator": {
        "file": "vmc_dyn_pt_fft.py",
        "function": "vmc_validate_point_size",
        "args": ["data_type"]
      }
    },
    {
      "name": "shift_val",
      "label": "Scale output down by 2^",
      "description": "The power of 2 shift down applied to the accumulation of FIR before output",
      "default": 0,
      "maximum": 60,
      "minimum": 0,
      "type": "int",
      "validator": {
        "file": "vmc_dyn_pt_fft.py",
        "function": "vmc_validate_shift_val",
        "args": ["data_type", "point_size"]
      }
    },
    {
      "name": "input_window_size",
      "label": "Input window size (Number of Samples)",
      "description": "The number of samples in the input window",
      "default": 64,
      "maximum": 4096,
      "minimum": 16,
      "type": "int",
      "validator": {
        "file": "vmc_dyn_pt_fft.py",
        "function": "vmc_validate_input_window_size",
        "args": ["point_size"]
      }
    },
	{
	  "name":"input_sampling_rate",
      "label": "Target input throughput (MSPS)",
      "description": "The target input throughput of the function in MSPS",
      "default": 200,
      "maximum": 1000,
      "minimum": 1,
      "type": "int"
    },
    {
      "name": "use_casc_length",
      "label": "Specify cascade length",
      "description": "Allows the user to specify length of the cascaded kernels",
      "default": false,
      "type": "bool"
    },
    {
      "name": "casc_length",
      "label": "Number of cascade stages",
      "description": "The length of cascaded kernels",
      "type": "int",
      "default": 1,
      "maximum": 9,
      "minimum": 1,
      "validator": {
        "file": "vmc_dyn_pt_fft.py",
        "function": "vmc_validate_casc_length",
        "args": ["data_type", "point_size", "use_casc_length"]
      }
    }
  ],
  "generator": {
    "file": "vmc_dyn_pt_fft.py",
    "function": "vmc_generate_graph"
  }
}
